Cycle,Labeled Dataset Size,Test MAE
1,1032,6.969910144805908
2,1064,4.119304180145264
3,1096,3.708723545074463
